server,built,tested,published,verified,updated
a2a-scanner-mcp,Y,6pass-0fail,Y,Y,2026-06-22T16:46:58Z
abstract-mcp,Y,UNKNOWN,Y,Y,2026-06-22T16:47:10Z
abusech-mcp,Y,5pass-0fail,Y,Y,2026-06-22T16:49:28Z
abuseipdb-mcp,Y,5pass-0fail,Y,Y,2026-06-22T16:52:05Z
acuvity-mcp-server-alterx-mcp,Y,5pass-0fail,Y,Y,2026-06-22T16:54:41Z
acuvity-mcp-server-amass-mcp,Y,5pass-0fail,Y,Y,2026-06-22T16:56:59Z
acuvity-mcp-server-arjun-mcp,Y,5pass-0fail,Y,Y,2026-06-22T16:59:17Z
acuvity-mcp-server-assetfinder-mcp,Y,5pass-0fail,Y,Y,2026-06-22T17:01:35Z
acuvity-mcp-server-atlas-docs-mcp,Y,5pass-0fail,Y,Y,2026-06-22T17:03:54Z
acuvity-mcp-server-atlassian-mcp,Y,5pass-0fail,Y,Y,2026-06-22T17:06:12Z
acuvity-mcp-server-azure-mcp,Y,5pass-0fail,Y,Y,2026-06-22T17:08:29Z
acuvity-mcp-server-bing-search-mcp,Y,5pass-0fail,Y,Y,2026-06-22T17:10:47Z
acuvity-mcp-server-brave-search-mcp,Y,5pass-0fail,Y,Y,2026-06-22T17:13:06Z
acuvity-mcp-server-calculator-mcp,Y,5pass-0fail,Y,Y,2026-06-22T17:15:24Z
acuvity-mcp-server-chroma-mcp,Y,5pass-0fail,Y,Y,2026-06-22T17:17:43Z
acuvity-mcp-server-docker-mcp,Y,5pass-0fail,Y,Y,2026-06-22T17:20:00Z
acuvity-mcp-server-duckduckgo-mcp,Y,5pass-0fail,Y,Y,2026-06-22T17:22:19Z
acuvity-mcp-server-elevenlabs-mcp,Y,5pass-0fail,Y,Y,2026-06-22T17:24:37Z
acuvity-mcp-server-everything-mcp,Y,5pass-0fail,Y,Y,2026-06-22T17:26:55Z
acuvity-mcp-server-everything-wrong-mcp,Y,5pass-0fail,Y,Y,2026-06-22T17:29:13Z
acuvity-mcp-server-fetch-mcp,Y,5pass-0fail,Y,Y,2026-06-22T17:31:31Z
acuvity-mcp-server-firecrawl-mcp,Y,5pass-0fail,Y,Y,2026-06-22T17:33:48Z
acuvity-mcp-server-google-maps-mcp,Y,5pass-0fail,Y,Y,2026-06-22T17:36:06Z
acuvity-mcp-server-grafana-mcp,Y,5pass-0fail,Y,Y,2026-06-22T17:38:25Z
acuvity-mcp-server-harness-mcp,Y,5pass-0fail,Y,Y,2026-06-22T17:40:43Z
acuvity-mcp-server-hyperbrowser-mcp,Y,5pass-0fail,Y,Y,2026-06-22T17:43:01Z
acuvity-mcp-server-kagisearch-mcp,Y,5pass-0fail,Y,Y,2026-06-22T17:45:19Z
acuvity-mcp-server-microsoft-graph-mcp,Y,5pass-0fail,Y,Y,2026-06-22T17:47:37Z
acuvity-mcp-server-notion-mcp,Y,5pass-0fail,Y,Y,2026-06-22T17:49:54Z
acuvity-mcp-server-oshp-mcp,Y,5pass-0fail,Y,Y,2026-06-22T17:52:13Z
acuvity-mcp-server-playwright-mcp,Y,5pass-0fail,Y,Y,2026-06-22T17:54:32Z
acuvity-mcp-server-scrapezy-mcp,Y,5pass-0fail,Y,Y,2026-06-22T17:56:51Z
acuvity-mcp-server-sentry-mcp,Y,5pass-0fail,Y,Y,2026-06-22T17:59:09Z
acuvity-mcp-server-slack-mcp,Y,5pass-0fail,Y,Y,2026-06-22T18:01:28Z
adblock-mcp,Y,5pass-0fail,Y,Y,2026-06-22T18:04:17Z
adguard-dns-mcp,Y,5pass-0fail,Y,Y,2026-06-22T19:26:40Z
ahmia-mcp,Y,5pass-0fail,Y,Y,2026-06-22T19:28:59Z
ai-humanizer-mcp,Y,6pass-0fail,Y,Y,2026-06-22T19:31:22Z
ai-infra-guard-mcp,Y,6pass-0fail,Y,Y,2026-06-22T19:34:37Z
aibom-mcp,Y,6pass-0fail,Y,Y,2026-06-22T19:37:14Z
aircrack-ng-mcp,Y,6pass-0fail,Y,Y,2026-06-22T19:39:51Z
aistor-mcp,Y,5pass-0fail,Y,Y,2026-06-22T19:42:09Z
alphavantage-mcp,Y,5pass-0fail,Y,Y,2026-06-22T19:44:27Z
alterx-mcp,Y,5pass-0fail,Y,Y,2026-06-22T19:47:07Z
amass-mcp,Y,5pass-0fail,Y,Y,2026-06-22T19:49:58Z
anew-mcp,Y,6pass-0fail,Y,Y,2026-06-22T19:52:30Z
angr-mcp,Y,6pass-0fail,Y,Y,2026-06-22T19:55:56Z
apple-itunes-mcp,Y,5pass-0fail,Y,Y,2026-06-22T19:58:24Z
aquatone-mcp,Y,6pass-0fail,Y,Y,2026-06-22T20:01:58Z
archiveorg-mcp,Y,5pass-0fail,Y,Y,2026-06-22T20:04:26Z
arin-mcp,Y,5pass-0fail,Y,Y,2026-06-22T20:06:58Z
arjun-mcp,Y,5pass-0fail,Y,Y,2026-06-22T20:09:55Z
arp-scan-mcp,Y,6pass-0fail,Y,Y,2026-06-22T20:12:31Z
asnmap-mcp,Y,5pass-0fail,Y,Y,2026-06-22T20:15:22Z
assetfinder-mcp,Y,5pass-0fail,Y,Y,2026-06-22T20:18:37Z
augustus-mcp,Y,6pass-0fail,Y,Y,2026-06-22T20:21:27Z
aws-api-mcp,Y,UNKNOWN,Y,Y,2026-06-22T20:30:09Z
aws-aurora-dsql-mcp,Y,UNKNOWN,Y,Y,2026-06-22T20:30:38Z
aws-bedrock-agentcore-mcp,Y,5pass-0fail,Y,Y,2026-06-22T20:31:31Z
aws-bedrock-custom-model-mcp,Y,5pass-0fail,Y,Y,2026-06-22T20:32:24Z
aws-cloudtrail-mcp,Y,5pass-0fail,Y,Y,2026-06-22T20:33:08Z
aws-cloudwatch-mcp,Y,5pass-0fail,Y,Y,2026-06-22T20:34:24Z
aws-documentation-mcp,Y,5pass-0fail,Y,Y,2026-06-22T20:35:05Z
aws-documentdb-mcp,Y,5pass-0fail,Y,Y,2026-06-22T20:35:44Z
aws-dynamodb-mcp,Y,5pass-0fail,Y,Y,2026-06-22T20:37:29Z
aws-ecs-mcp,Y,5pass-0fail,Y,Y,2026-06-22T20:37:58Z
aws-eks-mcp,Y,5pass-0fail,Y,Y,2026-06-22T20:38:48Z
aws-iam-mcp,Y,5pass-0fail,Y,Y,2026-06-22T20:39:32Z
aws-mq-mcp,Y,5pass-0fail,Y,Y,2026-06-22T20:40:15Z
aws-neptune-mcp,Y,5pass-0fail,Y,Y,2026-06-22T20:40:58Z
aws-network-mcp,Y,5pass-0fail,Y,Y,2026-06-22T20:41:26Z
aws-postgres-mcp,Y,5pass-0fail,Y,Y,2026-06-22T20:42:11Z
aws-prometheus-mcp,Y,5pass-0fail,Y,Y,2026-06-22T20:42:53Z
aws-redshift-mcp,Y,5pass-0fail,Y,Y,2026-06-22T20:43:38Z
aws-s3-mcp,Y,6pass-0fail,Y,Y,2026-06-22T20:47:15Z
aws-s3-tables-mcp,Y,5pass-0fail,Y,Y,2026-06-22T20:48:29Z
aws-serverless-mcp,Y,5pass-0fail,Y,Y,2026-06-22T20:49:12Z
aws-sns-sqs-mcp,Y,5pass-0fail,Y,Y,2026-06-22T20:50:00Z
aws-stepfunctions-mcp,Y,5pass-0fail,Y,Y,2026-06-22T20:52:24Z
aws-well-architected-security-mcp,Y,5pass-0fail,Y,Y,2026-06-22T20:53:15Z
azure-mcp,Y,5pass-0fail,Y,Y,2026-06-22T20:53:51Z
baidu-search-mcp-server-mcp,Y,5pass-0fail,Y,Y,2026-06-22T20:56:42Z
baidusearch-mcp,Y,5pass-0fail,Y,Y,2026-06-22T20:59:02Z
bearer-mcp,Y,6pass-0fail,Y,Y,2026-06-22T21:01:42Z
bettercap-mcp,Y,6pass-0fail,Y,Y,2026-06-22T21:04:42Z
bevigil-mcp,Y,5pass-0fail,Y,Y,2026-06-22T21:07:21Z
binwalk-mcp,Y,6pass-0fail,Y,Y,2026-06-22T21:10:05Z
bitbucket-mcp,Y,5pass-0fail,Y,Y,2026-06-22T21:12:30Z
blackbird-mcp,Y,6pass-0fail,Y,Y,2026-06-22T21:15:23Z
bloodhound-mcp,Y,6pass-0fail,Y,Y,2026-06-22T21:20:10Z
bloodhound-mcp-ai-mcp,Y,6pass-0fail,Y,Y,2026-06-22T21:26:22Z
boofuzz-mcp,Y,UNKNOWN,Y,Y,2026-06-22T21:28:57Z
brave-search-mcp,Y,5pass-0fail,Y,Y,2026-06-22T21:31:20Z
bravesearch-mcp,Y,5pass-0fail,Y,Y,2026-06-22T21:33:45Z
brightdata-mcp-server-mcp,Y,5pass-0fail,Y,Y,2026-06-22T21:34:12Z
browserless-mcp,Y,5pass-0fail,Y,Y,2026-06-22T21:36:36Z
brutespray-mcp,Y,6pass-0fail,Y,Y,2026-06-22T21:39:21Z
builtwith-mcp,Y,5pass-0fail,Y,Y,2026-06-22T21:42:16Z
bully-mcp,Y,6pass-0fail,Y,Y,2026-06-22T21:45:15Z
capa-mcp,Y,6pass-0fail,Y,Y,2026-06-22T21:48:20Z
censys-platform-mcp,Y,5pass-0fail,Y,Y,2026-06-22T21:52:10Z
cero-mcp,Y,5pass-0fail,Y,Y,2026-06-22T21:55:08Z
certgraph-mcp,Y,5pass-0fail,Y,Y,2026-06-22T21:58:23Z
certipy-mcp,Y,6pass-0fail,Y,Y,2026-06-22T22:01:11Z
checkov-mcp,Y,6pass-0fail,Y,Y,2026-06-22T22:04:34Z
checksec-mcp,Y,6pass-0fail,Y,Y,2026-06-22T22:07:11Z
chrome-devtools-mcp,Y,3pass-2fail,Y,Y,2026-06-22T22:08:35Z
cisco-mcp-scanner-mcp,Y,6pass-0fail,Y,Y,2026-06-22T22:11:50Z
clair-mcp,Y,6pass-0fail,Y,Y,2026-06-22T22:14:59Z
aws-cloudwatch-appsignals-mcp,Y,5pass-0fail,Y,Y,2026-06-22T22:37:26Z
cloud-datacenter-mcp,Y,5pass-0fail,Y,Y,2026-06-22T22:39:26Z
cloudflare-mcp,Y,5pass-0fail,Y,Y,2026-06-22T22:40:11Z
brutus-mcp,Y,5pass-0fail,Y,Y,2026-06-22T22:40:52Z
cloudlist-mcp,Y,5pass-0fail,Y,Y,2026-06-22T22:44:19Z
cloudmapper-mcp,Y,6pass-0fail,Y,Y,2026-06-22T22:48:06Z
code-execution-mcp,Y,5pass-0fail,Y,Y,2026-06-22T22:53:13Z
commix-mcp,Y,6pass-0fail,Y,Y,2026-06-22T22:56:19Z
context7-mcp,Y,5pass-0fail,Y,Y,2026-06-22T22:58:46Z
corscanner-mcp,Y,6pass-0fail,Y,Y,2026-06-22T23:01:36Z
cortex-mcp,Y,5pass-0fail,Y,Y,2026-06-22T23:04:07Z
crackmapexec-mcp,Y,6pass-0fail,Y,Y,2026-06-22T23:07:02Z
crawl4ai-mcp,Y,5pass-0fail,Y,Y,2026-06-22T23:09:20Z
crlfuzz-mcp,Y,6pass-0fail,Y,Y,2026-06-22T23:12:05Z
crowbar-mcp,Y,6pass-0fail,Y,Y,2026-06-22T23:14:49Z
crtsh-mcp,Y,5pass-0fail,Y,Y,2026-06-22T23:17:07Z
crunch-mcp,Y,6pass-0fail,Y,Y,2026-06-22T23:19:48Z
crunchbase-mcp,Y,5pass-0fail,Y,Y,2026-06-22T23:22:06Z
ctgov-mcp-docker-mcp,Y,5pass-0fail,Y,Y,2026-06-22T23:24:24Z
cutter-mcp,Y,6pass-0fail,Y,Y,2026-06-22T23:26:58Z
cvemap-mcp,Y,6pass-0fail,Y,Y,2026-06-22T23:30:08Z
deepwebresearch-mcp,Y,5pass-0fail,Y,Y,2026-06-22T23:32:55Z
dependency-check-mcp,Y,6pass-0fail,Y,Y,2026-06-22T23:35:49Z
dharma-mcp,Y,6pass-0fail,Y,Y,2026-06-22T23:38:34Z
dirb-mcp,Y,6pass-0fail,Y,Y,2026-06-22T23:41:48Z
clinicaltrialsgov-mcp-server-mcp,Y,5pass-0fail,Y,Y,2026-06-22T23:42:47Z
dirsearch-mcp,Y,UNKNOWN,Y,Y,2026-06-22T23:46:03Z
dns-mcp-server-mcp,Y,4pass-1fail,Y,Y,2026-06-22T23:49:02Z
dnsdumpster-mcp,Y,6pass-0fail,Y,Y,2026-06-22T23:52:34Z
dnsenum-mcp,Y,6pass-0fail,Y,Y,2026-06-22T23:54:47Z
dnsreaper-mcp,Y,6pass-0fail,Y,Y,2026-06-23T13:09:35Z
dnsrecon-mcp,Y,6pass-0fail,Y,Y,2026-06-23T13:12:24Z
dnstwist-mcp,Y,5pass-0fail,Y,Y,2026-06-23T13:13:09Z
dnsx-mcp,Y,6pass-0fail,Y,Y,2026-06-23T13:16:28Z
docker-bench-security-mcp,Y,6pass-0fail,Y,Y,2026-06-23T13:19:31Z
dotdotpwn-mcp,Y,6pass-0fail,Y,Y,2026-06-23T13:22:18Z
dalfox-mcp,Y,6pass-0fail,Y,Y,2026-06-23T13:23:06Z
duckduckgo-mcp,Y,5pass-0fail,Y,Y,2026-06-23T13:24:42Z
earthquake-mcp,Y,5pass-0fail,Y,Y,2026-06-23T13:27:29Z
edgartools-mcp-server-mcp,Y,5pass-0fail,Y,Y,2026-06-23T13:27:53Z
edu-data-mcp,Y,5pass-0fail,Y,Y,2026-06-23T13:30:14Z
enum4linux-mcp,Y,6pass-0fail,Y,Y,2026-06-23T13:33:27Z
enum4linux-ng-mcp,Y,UNKNOWN,Y,Y,2026-06-23T13:36:34Z
ettercap-mcp,Y,6pass-0fail,Y,Y,2026-06-23T13:40:57Z
evil-winrm-mcp,Y,6pass-0fail,Y,Y,2026-06-23T13:43:21Z
exa-mcp,Y,5pass-0fail,Y,Y,2026-06-23T13:44:19Z
excel-tools-mcp,Y,5pass-0fail,Y,Y,2026-06-23T13:48:26Z
exiftool-agent-mcp,Y,5pass-0fail,Y,Y,2026-06-23T13:53:23Z
exiftool-mcp,Y,5pass-0fail,Y,Y,2026-06-23T13:56:17Z
exploitdb-mcp,Y,6pass-0fail,Y,Y,2026-06-23T14:00:29Z
falco-mcp,Y,6pass-0fail,Y,Y,2026-06-23T14:03:33Z
feroxbuster-mcp,Y,6pass-0fail,Y,Y,2026-06-23T14:09:05Z
fetch-mcp,Y,5pass-0fail,Y,Y,2026-06-23T14:11:24Z
ffuf-mcp,Y,5pass-0fail,Y,Y,2026-06-23T14:13:44Z
fierce-mcp,Y,6pass-0fail,Y,Y,2026-06-23T14:15:58Z
file-operations-mcp,Y,5pass-0fail,Y,Y,2026-06-23T14:18:15Z
financial-datasets-mcp,Y,5pass-0fail,Y,Y,2026-06-23T14:20:33Z
firecrawl-mcp,Y,4pass-1fail,Y,Y,2026-06-23T14:22:01Z
flights-mcp,Y,5pass-0fail,Y,Y,2026-06-23T14:24:47Z
foremost-mcp,Y,UNKNOWN,Y,Y,2026-06-23T14:27:56Z
fping-mcp,Y,6pass-0fail,Y,Y,2026-06-23T14:32:45Z
fred-mcp,Y,5pass-0fail,Y,Y,2026-06-23T14:35:19Z
garak-mcp,Y,6pass-0fail,Y,Y,2026-06-23T14:37:48Z
gau-mcp,Y,6pass-0fail,Y,Y,2026-06-23T14:40:11Z
gef-mcp,Y,6pass-0fail,Y,Y,2026-06-23T14:43:37Z
geocoding-mcp,Y,5pass-0fail,Y,Y,2026-06-23T14:46:02Z
ggshield-mcp,Y,6pass-0fail,Y,Y,2026-06-23T14:48:29Z
ghidra-mcp,Y,UNKNOWN,Y,Y,2026-06-23T14:52:59Z
ghunt-mcp,Y,6pass-0fail,Y,Y,2026-06-23T14:59:51Z
github-mcp,Y,5pass-0fail,Y,Y,2026-06-23T15:10:15Z
gitlab-mcp,Y,5pass-0fail,Y,Y,2026-06-23T15:10:43Z
gitleaks-mcp,Y,6pass-0fail,Y,Y,2026-06-23T15:13:08Z
gobuster-mcp,Y,6pass-0fail,Y,Y,2026-06-23T15:16:30Z
google-threat-intelligence-mcp,Y,5pass-0fail,Y,Y,2026-06-23T15:17:01Z
gospider-mcp,Y,6pass-0fail,Y,Y,2026-06-23T15:20:30Z
gowitness-mcp,Y,5pass-0fail,Y,Y,2026-06-23T16:26:50Z
graphql-voyager-mcp,Y,6pass-0fail,Y,Y,2026-06-23T16:30:45Z
graphviz-dot-mcp,Y,5pass-0fail,Y,Y,2026-06-23T16:35:40Z
greynoise-mcp,Y,5pass-0fail,Y,Y,2026-06-23T16:36:05Z
grype-mcp,Y,6pass-0fail,Y,Y,2026-06-23T16:38:51Z
hakrawler-mcp,Y,6pass-0fail,Y,Y,2026-06-23T16:41:52Z
hashcat-mcp,Y,UNKNOWN,Y,Y,2026-06-23T16:45:39Z
hashid-mcp,Y,6pass-0fail,Y,Y,2026-06-23T16:48:01Z
hashpump-mcp,Y,6pass-0fail,Y,Y,2026-06-23T16:56:25Z
hibp-mcp,Y,5pass-0fail,Y,Y,2026-06-23T16:58:59Z
holehe-mcp,Y,6pass-0fail,Y,Y,2026-06-23T17:02:08Z
horusec-mcp,Y,6pass-0fail,Y,Y,2026-06-23T17:04:35Z
http-headers-security-mcp,Y,5pass-0fail,Y,Y,2026-06-23T17:08:33Z
httpx-mcp,Y,5pass-0fail,Y,Y,2026-06-23T17:14:19Z
hydra-mcp,Y,6pass-0fail,Y,Y,2026-06-23T17:17:21Z
imf-data-mcp,Y,5pass-0fail,Y,Y,2026-06-23T17:20:53Z
ipinfo-mcp,Y,6pass-0fail,Y,Y,2026-06-23T17:30:42Z
ivre-mcp,Y,6pass-0fail,Y,Y,2026-06-23T17:33:27Z
iplocate-mcp,Y,4pass-1fail,Y,Y,2026-06-23T17:33:39Z
jaeles-mcp,Y,6pass-0fail,Y,Y,2026-06-23T17:36:49Z
jira-mcp,Y,4pass-1fail,Y,Y,2026-06-23T17:39:42Z
john-mcp,Y,UNKNOWN,Y,Y,2026-06-23T17:43:59Z
julius-mcp,Y,6pass-0fail,Y,Y,2026-06-23T18:00:17Z
jwt-tool-mcp,Y,6pass-0fail,Y,Y,2026-06-23T18:04:30Z
katana-mcp,Y,5pass-0fail,Y,Y,2026-06-23T18:10:00Z
knostic-mcp-scanner-mcp,Y,6pass-0fail,Y,Y,2026-06-23T18:13:24Z
kube-bench-mcp,Y,6pass-0fail,Y,Y,2026-06-23T18:20:03Z
kube-hunter-mcp,Y,6pass-0fail,Y,Y,2026-06-23T18:23:23Z
joomscan-mcp,Y,6pass-0fail,Y,Y,2026-06-23T18:25:16Z
kubescape-mcp,Y,6pass-0fail,Y,Y,2026-06-23T18:27:14Z
libc-database-mcp,Y,6pass-0fail,Y,Y,2026-06-23T18:32:18Z
lynis-mcp,Y,6pass-0fail,Y,Y,2026-06-23T18:34:45Z
maigret-mcp,Y,6pass-0fail,Y,Y,2026-06-23T18:39:57Z
mapboxserver-mcp,Y,5pass-0fail,Y,Y,2026-06-23T18:42:16Z
marinetraffic-mcp,Y,UNKNOWN,Y,Y,2026-06-23T18:50:19Z
masscan-mcp,Y,UNKNOWN,Y,Y,2026-06-23T19:00:35Z
mcp-docker-mcp,Y,5pass-0fail,Y,Y,2026-06-23T19:04:27Z
mcp-server-code-runner-mcp,Y,UNKNOWN,Y,Y,2026-06-23T19:07:05Z
mcpscan-mcp,Y,6pass-0fail,Y,Y,2026-06-23T19:12:20Z
mcpserver-audit-mcp,Y,6pass-0fail,Y,Y,2026-06-23T19:16:55Z
medusa-mcp,Y,6pass-0fail,Y,Y,2026-06-23T19:20:34Z
mermaid-mcp,Y,UNKNOWN,Y,Y,2026-06-23T19:59:04Z
metasploit-mcp,Y,6pass-0fail,Y,Y,2026-06-23T20:03:25Z
misp-mcp,Y,UNKNOWN,Y,Y,2026-06-23T20:06:22Z
mitre-attack-remote-mcp,Y,5pass-0fail,Y,Y,2026-06-23T20:09:51Z
mobsf-mcp,Y,5pass-0fail,Y,Y,2026-06-23T20:12:14Z
ms-fabric-rti-mcp,Y,4pass-1fail,Y,Y,2026-06-23T20:13:06Z
n2yo-mcp,Y,5pass-0fail,Y,Y,2026-06-23T20:15:27Z
naabu-mcp,Y,6pass-0fail,Y,Y,2026-06-23T20:18:36Z
nasa-mcp,Y,4pass-1fail,Y,Y,2026-06-23T20:21:56Z
name-server-mcp,Y,5pass-0fail,Y,Y,2026-06-23T20:23:15Z
nbtscan-mcp,Y,6pass-0fail,Y,Y,2026-06-23T22:03:57Z
nbtscan-mcp,Y,6pass-0fail,Y,Y,2026-06-23T22:03:57Z
ncrack-mcp,Y,6pass-0fail,Y,Y,2026-06-23T22:06:38Z
netcat-mcp,Y,6pass-0fail,Y,Y,2026-06-23T22:09:28Z
netdiscover-mcp,Y,UNKNOWN,Y,Y,2026-06-23T22:14:10Z
netexec-mcp,Y,6pass-0fail,Y,Y,2026-06-23T22:17:08Z
netutils-mcp,Y,5pass-0fail,Y,Y,2026-06-23T22:26:45Z
ngrep-mcp,Y,6pass-0fail,Y,Y,2026-06-23T22:29:27Z
nikto-mcp,Y,6pass-0fail,Y,Y,2026-06-23T22:33:06Z
nmap-mcp,Y,5pass-0fail,Y,Y,2026-06-23T22:36:18Z
nosqlmap-mcp,Y,6pass-0fail,Y,Y,2026-06-23T22:39:10Z
notion-mcp,Y,5pass-0fail,Y,Y,2026-06-23T22:39:41Z
nerva-mcp,Y,6pass-0fail,Y,Y,2026-06-23T22:42:27Z
nova-framework-mcp,Y,6pass-0fail,Y,Y,2026-06-23T22:51:17Z
nova-proximity-mcp,Y,6pass-0fail,Y,Y,2026-06-23T23:11:12Z
nuclei-mcp,Y,UNKNOWN,Y,Y,2026-06-23T23:15:07Z
nuclei-mcp,Y,UNKNOWN,Y,Y,2026-06-23T23:15:07Z
octagon-mcp-server-mcp,Y,3pass-2fail,Y,Y,2026-06-23T23:20:19Z
octocode-mcp,Y,5pass-0fail,Y,Y,2026-06-23T23:21:00Z
one-gadget-mcp,Y,6pass-0fail,Y,Y,2026-06-23T23:24:28Z
onionsearch-mcp,Y,6pass-0fail,Y,Y,2026-06-23T23:27:11Z
open-legal-mcp,Y,5pass-0fail,Y,Y,2026-06-23T23:29:32Z
opencti-mcp,Y,6pass-0fail,Y,Y,2026-06-24T00:46:21Z
opencv-mcp-server-mcp,Y,5pass-0fail,Y,Y,2026-06-24T00:48:49Z
openfda-mcp,Y,5pass-0fail,Y,Y,2026-06-24T00:49:28Z
openrisk-mcp,Y,5pass-0fail,Y,Y,2026-06-24T00:54:27Z
openvas-mcp,Y,6pass-0fail,Y,Y,2026-06-24T00:57:19Z
osm-mcp-server-mcp,Y,4pass-1fail,Y,Y,2026-06-24T00:58:30Z
osv-mcp,Y,6pass-0fail,Y,Y,2026-06-24T01:00:46Z
otx-mcp,Y,UNKNOWN,Y,Y,2026-06-24T13:32:41Z
pacu-mcp,Y,6pass-0fail,Y,Y,2026-06-24T13:37:43Z
pagespeed-mcp,Y,5pass-0fail,Y,Y,2026-06-24T13:41:54Z
paramspider-mcp,Y,6pass-0fail,Y,Y,2026-06-24T13:46:35Z
patator-mcp,Y,6pass-0fail,Y,Y,2026-06-24T13:48:47Z
pdf-reader-mcp,Y,5pass-0fail,Y,Y,2026-06-24T13:51:06Z
peda-mcp,Y,6pass-0fail,Y,Y,2026-06-24T13:53:16Z
pentest-agent-mcp,Y,5pass-0fail,Y,Y,2026-06-24T13:55:32Z
phoneinfoga-mcp,Y,5pass-0fail,Y,Y,2026-06-24T13:58:31Z
pinecone-mcp,Y,5pass-0fail,Y,Y,2026-06-24T14:01:10Z
pixiewps-mcp,Y,6pass-0fail,Y,Y,2026-06-24T14:04:24Z
polygon-mcp,Y,5pass-0fail,Y,Y,2026-06-24T14:06:47Z
port-scanner-mcp,Y,6pass-0fail,Y,Y,2026-06-24T14:09:52Z
postman-mcp,Y,3pass-2fail,Y,Y,2026-06-24T14:11:16Z
powerpoint-tools-mcp,Y,5pass-0fail,Y,Y,2026-06-24T14:14:06Z
prowler-mcp,Y,5pass-0fail,Y,Y,2026-06-24T14:19:28Z
psudohash-mcp,Y,6pass-0fail,Y,Y,2026-06-24T14:22:14Z
pubmed-mcp,Y,5pass-0fail,Y,Y,2026-06-24T14:24:37Z
puppeteer-mcp,Y,5pass-0fail,Y,Y,2026-06-24T14:28:00Z
pwninit-mcp,Y,6pass-0fail,Y,Y,2026-06-24T14:31:15Z
pwntools-mcp,Y,6pass-0fail,Y,Y,2026-06-24T14:34:48Z
qsreplace-mcp,Y,6pass-0fail,Y,Y,2026-06-24T14:37:08Z
radare2-mcp,Y,6pass-0fail,Y,Y,2026-06-24T14:42:55Z
ramparts-mcp,Y,6pass-0fail,Y,Y,2026-06-24T14:47:53Z
rapidapi-hub-reverse-image-search-by-copyseeker-mcp,Y,4pass-1fail,Y,Y,2026-06-24T14:51:04Z
recon-ng-mcp,Y,6pass-0fail,Y,Y,2026-06-24T14:53:32Z
reddit-mcp,Y,4pass-1fail,Y,Y,2026-06-24T14:56:51Z
reddit-mcp-server-mcp,Y,5pass-0fail,Y,Y,2026-06-24T14:59:16Z
responder-mcp,Y,6pass-0fail,Y,Y,2026-06-24T15:04:37Z
retire-js-mcp,Y,6pass-0fail,Y,Y,2026-06-24T15:07:59Z
roadtools-mcp,Y,6pass-0fail,Y,Y,2026-06-24T15:11:24Z
ropgadget-mcp,Y,6pass-0fail,Y,Y,2026-06-24T15:16:47Z
ropper-mcp,Y,6pass-0fail,Y,Y,2026-06-24T15:20:10Z
rss-mcp,Y,5pass-0fail,Y,Y,2026-06-24T15:22:34Z
rustscan-mcp,Y,6pass-0fail,Y,Y,2026-06-24T15:26:40Z
s3-mcp-server-mcp,Y,3pass-2fail,Y,Y,2026-06-24T15:27:58Z
scan-url-mcp,Y,5pass-0fail,Y,Y,2026-06-24T15:30:23Z
scc-mcp,Y,5pass-0fail,Y,Y,2026-06-24T15:33:40Z
scoutsuite-mcp,Y,6pass-0fail,Y,Y,2026-06-24T15:38:24Z
search1api-mcp,Y,3pass-2fail,Y,Y,2026-06-24T17:18:43Z
rasn-mcp,Y,6pass-0fail,Y,Y,2026-06-24T17:20:48Z
sec-edgar-mcp,Y,5pass-0fail,Y,Y,2026-06-24T17:21:10Z
scrapy-mcp,Y,5pass-0fail,Y,Y,2026-06-24T17:23:33Z
secops-mcp,Y,5pass-0fail,Y,Y,2026-06-24T17:25:53Z
securemcp-mcp,Y,6pass-0fail,Y,Y,2026-06-24T17:28:05Z
semgrep-mcp,Y,UNKNOWN,Y,Y,2026-06-24T17:30:54Z
sentry-mcp,Y,4pass-1fail,Y,Y,2026-06-24T17:31:50Z
serpapi-mcp,Y,5pass-0fail,Y,Y,2026-06-24T17:35:21Z
serper-search-mcp,Y,3pass-2fail,Y,Y,2026-06-24T17:36:26Z
sherlock-mcp,Y,6pass-0fail,Y,Y,2026-06-24T17:39:05Z
shodan-mcp,Y,5pass-0fail,Y,Y,2026-06-24T17:41:28Z
shuffledns-mcp,Y,UNKNOWN,Y,Y,2026-06-24T17:45:06Z
slack-mcp,Y,UNKNOWN,Y,Y,2026-06-24T17:47:57Z
slowhttptest-mcp,Y,6pass-0fail,Y,Y,2026-06-24T17:52:41Z
smbmap-mcp,Y,6pass-0fail,Y,Y,2026-06-24T17:54:53Z
smtp-user-enum-mcp,Y,UNKNOWN,Y,Y,2026-06-24T17:58:00Z
testdisk-mcp,Y,6pass-0fail,Y,Y,2026-06-25T13:08:21Z
testssl-mcp,Y,6pass-0fail,Y,Y,2026-06-25T13:11:31Z
theharvester-mcp,Y,6pass-0fail,Y,Y,2026-06-25T13:15:13Z
threat-hunting-mcp,Y,6pass-0fail,Y,Y,2026-06-25T13:18:15Z
titus-mcp,Y,6pass-0fail,Y,Y,2026-06-25T13:19:40Z
tldfinder-mcp,Y,6pass-0fail,Y,Y,2026-06-25T13:22:34Z
tlsx-mcp,Y,6pass-0fail,Y,Y,2026-06-25T13:25:50Z
tomtom-mcp,Y,5pass-0fail,Y,Y,2026-06-25T13:26:30Z
tplmap-mcp,Y,6pass-0fail,Y,Y,2026-06-25T13:29:24Z
trivy-mcp,Y,6pass-0fail,Y,Y,2026-06-25T13:32:08Z
trivy-neutr0n-mcp,Y,6pass-0fail,Y,Y,2026-06-25T13:35:13Z
trivy-security-mcp,Y,5pass-0fail,Y,Y,2026-06-25T13:37:35Z
trufflehog-mcp,Y,6pass-0fail,Y,Y,2026-06-25T13:40:25Z
uncover-mcp,Y,6pass-0fail,Y,Y,2026-06-25T13:43:34Z
upx-mcp,Y,6pass-0fail,Y,Y,2026-06-25T13:47:56Z
urlfinder-mcp,Y,6pass-0fail,Y,Y,2026-06-25T13:50:52Z
uro-mcp,Y,6pass-0fail,Y,Y,2026-06-25T13:53:37Z
vanta-mcp,Y,6pass-0fail,Y,Y,2026-06-25T13:58:28Z
variflight-mcp,Y,5pass-0fail,Y,Y,2026-06-25T13:59:03Z
victorialogs-mcp,Y,5pass-0fail,Y,Y,2026-06-25T14:01:53Z
virustotal-mcp,Y,6pass-0fail,Y,Y,2026-06-25T14:04:30Z
visualization-tools-mcp,Y,5pass-0fail,Y,Y,2026-06-25T14:14:19Z
volatility-mcp,Y,6pass-0fail,Y,Y,2026-06-25T14:17:30Z
volatility3-mcp,Y,6pass-0fail,Y,Y,2026-06-25T14:20:24Z
vulnerability-scanner-mcp,Y,6pass-0fail,Y,Y,2026-06-25T14:23:21Z
vulnx-mcp,Y,6pass-0fail,Y,Y,2026-06-25T14:26:59Z
wafw00f-mcp,Y,6pass-0fail,Y,Y,2026-06-25T14:30:00Z
wapiti-mcp,Y,6pass-0fail,Y,Y,2026-06-25T14:33:15Z
wappalyzergo-mcp,Y,6pass-0fail,Y,Y,2026-06-25T14:37:54Z
waybackurls-mcp,Y,5pass-0fail,Y,Y,2026-06-25T14:40:57Z
stripe-mcp,Y,5pass-0fail,Y,Y,2026-06-25T14:54:38Z
terraform-mcp,Y,5pass-0fail,Y,Y,2026-06-25T14:55:20Z
suricata-mcp,Y,6pass-0fail,Y,Y,2026-06-25T14:56:58Z
whatsmyname-mcp,Y,5pass-0fail,Y,Y,2026-06-25T14:56:59Z
terrascan-mcp,Y,6pass-0fail,Y,Y,2026-06-25T14:59:19Z
whatweb-mcp,Y,6pass-0fail,Y,Y,2026-06-25T14:59:46Z
wfuzz-mcp,Y,6pass-0fail,Y,Y,2026-06-25T15:02:22Z
whois-mcp,Y,5pass-0fail,Y,Y,2026-06-25T15:11:01Z
whoisxmlapi-mcp,Y,3pass-2fail,Y,Y,2026-06-25T15:22:25Z
whoisxmlapi-mcp,Y,5pass-0fail,Y,Y,2026-06-25T15:22:25Z
winston-ai-mcp,Y,5pass-0fail,Y,Y,2026-06-25T15:23:43Z
wifiphisher-mcp,Y,6pass-0fail,Y,Y,2026-06-25T15:25:06Z
wiremcp-mcp,Y,5pass-0fail,Y,Y,2026-06-25T15:26:09Z
wireshark-mcp,Y,6pass-0fail,Y,Y,2026-06-25T15:36:36Z
world-bank-mcp,Y,5pass-0fail,Y,Y,2026-06-25T15:39:40Z
wpscan-mcp,Y,6pass-0fail,Y,Y,2026-06-25T15:42:10Z
x8-mcp,Y,6pass-0fail,Y,Y,2026-06-25T15:46:14Z
xpoz-mcp-server-mcp,Y,5pass-0fail,Y,Y,2026-06-25T15:53:38Z
xsser-mcp,Y,6pass-0fail,Y,Y,2026-06-25T15:56:48Z
xsstrike-mcp,Y,6pass-0fail,Y,Y,2026-06-25T15:59:04Z
yara-mcp,Y,6pass-0fail,Y,Y,2026-06-25T16:01:54Z
yaraflux-mcp,Y,6pass-0fail,Y,Y,2026-06-25T16:04:10Z
yaraflux-mcp-server-mcp,Y,5pass-0fail,Y,Y,2026-06-25T16:06:29Z
yersinia-mcp,Y,6pass-0fail,Y,Y,2026-06-25T16:09:56Z
yeti-mcp,Y,6pass-0fail,Y,Y,2026-06-25T16:15:01Z
yfmcp-mcp,Y,5pass-0fail,Y,Y,2026-06-25T16:17:25Z
youtube-mcp,Y,5pass-0fail,Y,Y,2026-06-25T16:19:50Z
youtube-transcript-mcp,Y,5pass-0fail,Y,Y,2026-06-25T16:23:22Z
zap-lis-mcp,Y,6pass-0fail,Y,Y,2026-06-25T16:27:33Z
zmap-mcp,Y,6pass-0fail,Y,Y,2026-06-25T16:30:48Z
zap-mcp,Y,6pass-0fail,Y,Y,2026-06-25T16:30:57Z
zscaler-mcp-server-mcp,Y,5pass-0fail,Y,Y,2026-06-25T16:33:17Z
autorecon-mcp,Y,6pass-0fail,Y,Y,2026-06-22T20:29:21Z
globalping-mcp,Y,5pass-0fail,Y,Y,2026-06-23T15:13:42Z
ocr-mcp,Y,5pass-0fail,Y,Y,2026-06-23T23:19:14Z
smuggler-mcp,Y,6pass-0fail,Y,Y,2026-06-24T19:56:05Z
social-analyzer-mcp,Y,6pass-0fail,Y,Y,2026-06-24T19:59:04Z
spiderfoot-mcp,Y,6pass-0fail,Y,Y,2026-06-24T20:04:42Z
sqlmap-mcp,Y,5pass-0fail,Y,Y,2026-06-24T20:11:56Z
sslscan-mcp,Y,6pass-0fail,Y,Y,2026-06-24T20:16:12Z
sslyze-mcp,Y,6pass-0fail,Y,Y,2026-06-24T20:20:42Z
sstimap-mcp,Y,6pass-0fail,Y,Y,2026-06-24T20:23:55Z
steampipe-mcp,Y,4pass-1fail,Y,Y,2026-06-24T20:29:06Z
steghide-mcp,Y,6pass-0fail,Y,Y,2026-06-24T20:32:12Z
subfinder-mcp,Y,7pass-0fail,Y,Y,2026-06-24T20:39:10Z
subjack-mcp,Y,6pass-0fail,Y,Y,2026-06-24T20:42:19Z
sublist3r-mcp,Y,6pass-0fail,Y,Y,2026-06-24T20:44:59Z
syft-mcp,Y,6pass-0fail,Y,Y,2026-06-24T20:48:05Z
tavily-remote-mcp,Y,5pass-0fail,Y,Y,2026-06-24T20:51:40Z
splunk-mcp,Y,5pass-0fail,Y,Y,2026-06-25T14:38:48Z
webc-mcp,Y,5pass-0fail,Y,Y,2026-06-25T14:42:00Z
aws-core-mcp,DEPRECATED,-,N/A,N/A,2026-06-25T20:40:50Z
